{
    "openapi": "3.0.0",
    "info": {
        "title": "List of Countries",
        "description": "List of Countries",
        "version": "1.0.0",
        "x-vb": {
            "transforms": {
                "path": "../countriesTransform.js"
            }
        }
    },
    "servers": [
        {
            "url": "https://restcountries.com/v3.1",
            "description": "V3.1"
        }
    ],
    "paths": {
        "/all": {
            "get": {
                "operationId": "getAllCountries",
                "responses": {
                    "default": {
                        "description": "Response for default",
                        "content": {
                            "application/json": {
                                "schema": {
                                }
                            }
                        }
                    }
                },
                "x-vb": {
                    "actionHint": "getMany"
                }
            }
        }
    },
    "components": {
    }
}