{
  "title": "Countries",
  "description": "",
  "variables": {
    "collpsbADP": {
      "type": "vb/ArrayDataProvider2",
      "defaultValue": {
        "data": "{{ $variables.collpsblItr }}",
        "keyAttributes": "name",
        "itemType": "collpsArrType"
      }
    },
    "collpsblItr": {
      "type": "collpsArrType[]",
      "defaultValue": [
        {
          "name": "Countries"
        }
      ]
    },
    "countriesADP": {
      "type": "vb/ArrayDataProvider2",
      "defaultValue": {
        "data": "{{ $variables.countriesArr }}",
        "itemType": "countryType",
        "keyAttributes": "name"
      }
    },
    "countriesArr": {
      "type": "countryType[]"
    },
    "countryCols": {
      "type": "object[]",
      "defaultValue": [
        {
          "headerText": "Country",
          "field": "name"
        },
        {
          "headerText": "Capital",
          "field": "capital"
        },
        {
          "headerText": "Continent",
          "field": "continent"
        },
        {
          "headerText": "Flag",
          "field": "flag",
          "template": "flagSlot"
        },
        {
          "headerText": "Location",
          "field": "location",
          "template": "mapSlot"
        }
      ]
    },
    "showTbl": {
      "type": "boolean",
      "defaultValue": false
    }
  },
  "metadata": {},
  "types": {
    "collpsArrType": {
      "name": "string"
    },
    "countryType": {
      "capital": "string",
      "continent": "string",
      "flag": "string",
      "location": "string",
      "name": "string"

    }

  },
  "eventListeners": {
    "toggleDrawer": {
      "chains": [
        {
          "chainId": "application:toggleDrawerHandler"
        }
      ]
    },
    "vbEnter": {
      "chains": [
        {
          "parameters": {},
          "chainId": "initData"
        }
      ]
    }
  },
  "imports": {
    "components": {
      "oj-accordion": {
        "path": "ojs/ojaccordion"
      },
      "oj-button": {
        "path": "ojs/ojbutton"
      },
      "oj-collapsible": {
        "path": "ojs/ojcollapsible"
      },
      "oj-dialog": {
        "path": "ojs/ojdialog"
      },
      "oj-progress-circle": {
        "path": "ojs/ojprogress-circle"
      },
      "oj-table": {
        "path": "ojs/ojtable"
      }

    }
  }
}