{
  "root": "callComponentBusyDlgOpen",
  "description": "",
  "variables": {},
  "actions": {
    "fireNotification": {
      "module": "vb/action/builtin/fireNotificationEventAction",
      "parameters": {
        "target": "leaf",
        "summary": "[[ $chain.results.getAllCountries.message.summary ]]",
        "type": "error",
        "displayMode": "persist"
      }
    },
    "getAllCountries": {
      "module": "vb/action/builtin/restAction",
      "parameters": {
        "endpoint": "countriesList/getAllCountries"
      },
      "outcomes": {
        "failure": "fireNotification",
        "success": "ifCountriesPrsnt"
      },
      "label": "getAllCountries"
    },
    "showTbl": {
      "module": "vb/action/builtin/assignVariablesAction",
      "parameters": {
        "$page.variables.showTbl": {
          "source": "{{ true }}"
        }
      },
      "label": "showTbl"
    },
    "ifCountriesPrsnt": {
      "module": "vb/action/builtin/ifAction",
      "parameters": {
        "condition": "[[ $chain.results.getAllCountries.body && $chain.results.getAllCountries.body.length>0 ]]"
      },
      "outcomes": {
        "true": "saveCountriesArr",
        "false": "hideTbl"
      },
      "label": "ifCountriesPrsnt"
    },
    "saveCountriesArr": {
      "module": "vb/action/builtin/assignVariablesAction",
      "parameters": {
        "$page.variables.countriesArr": {
          "source": "{{ $chain.results.getAllCountries.body }}",
          "reset": "empty"
        }
      },
      "label": "saveCountriesArr",
      "outcomes": {
        "success": "showTbl"
      }
    },
    "hideTbl": {
      "module": "vb/action/builtin/assignVariablesAction",
      "parameters": {
        "$page.variables.showTbl": {
          "source": "{{ false }}"
        }
      },
      "label": "hideTbl"
    },
    "callComponentBusyDlgOpen": {
      "module": "vb/action/builtin/callComponentMethodAction",
      "parameters": {
        "component": "{{ document.getElementById('busyDlg') }}",
        "method": "open"
      },
      "outcomes": {
        "success": "getAllCountries"
      }
    }
  }
}